place_id,place_name,category,vibe,tags,area,latitude,longitude,open_time,close_time,famous_for,weather_suitability,budget_min,budget_max,data_quality_score
bugle-rock-park-bull-temple-rd-basavanagudi-bengaluru-karnataka-560019,Bugle Rock Park,Nature / Park,romantic,"['couple', 'family', 'solo']","Bull Temple Rd, Basavanagudi, Bengaluru, Karnataka 560019",12.94214,77.56925,330,1230,"3-billion-year-old rock formation, Kempe Gowda’s watchtower, historic Bugle tradition, temples (Bull & Ganesha), amphitheatre, gym, cultural murals","['clear', 'cloudy']",0,50,1.0
bannerghatta-hills-on-bannerghatta-hill-suvarnamukhi-temple-area-near-pillaganahalli-champakadhama-swamy-temple-anekal-taluk-bengaluru-urban-district-karnataka-30-km-south-of-bengaluru-cbd,Bannerghatta Hills,Nature / Trekking,adventure,"['adventure', 'friends', 'solo']","On Bannerghatta Hill (Suvarnamukhi temple area) near Pillaganahalli / Champakadhama Swamy Temple, Anekal Taluk, Bengaluru Urban District, Karnataka (~30 km south of Bengaluru CBD)",12.82,77.57,540,1050,"Temple under boulders, trekking, scenic views, dolmens, birdlife","['clear', 'cloudy', 'post-monsoon']",0,100,1.0
cafe-udupi-ruchi-1375-3-32nd-e-cross-rd-4th-t-block-east-jayanagar-bengaluru,Cafe Udupi Ruchi,Food,general,"['budget', 'friends', 'solo']","1375‑3, 32nd E Cross Rd, 4th T Block East, Jayanagar, Bengaluru",12.925,77.586,750,1350,"Udupi‑style meals, filter coffee, banana‑leaf thali","['clear', 'cloudy']",0,200,1.0
shrungagiri-sri-shanmukha-swami-gudi-beml-kempegowda-rd-5th-stage-rajarajeshwari-nagar-rr-nagar-bengaluru-karnataka-560098,Shrungagiri Sri Shanmukha Swami Gudi,Religious,general,"['family', 'religious', 'solo']","BEML, Kempegowda Rd, 5th Stage, Rajarajeshwari Nagar (RR Nagar), Bengaluru, Karnataka 560098",12.913,77.5286,420,750,"Six-faced Murugan tower, star-shaped hilltop architecture","['clear', 'cloudy']",0,50,1.0
shivoham-shiva-temple-97-old-airport-rd-murugeshpalya-bengaluru-karnataka-560017,Shivoham Shiva Temple,Religious,general,"['family', 'religious', 'solo']","97 Old Airport Rd, Murugeshpalya, Bengaluru, Karnataka 560017", 12.958,77.654,540,1260,"65-ft Shiva statue, Navagraha cave, healing stones, replicas of Jyotirlingas","['clear', 'cloudy']",0,150,1.0
sri-govardhana-kshetra-1-3-bull-temple-rd-opposite-bms-engineering-college-nr-colony-basavanagudi-bengaluru-karnataka-560004,Sri Govardhana Kshetra,	Religious,general,"['family', 'solo', 'spiritual']","1/3, Bull Temple Rd, opposite BMS Engineering College, NR Colony, Basavanagudi, Bengaluru, Karnataka 560004",12.942,77.568,420,1200,"Artificial cave temple depicting Krishna lifting Govardhan Hill, peaceful atmosphere, tunnel walk, and meditation areas","['clear', 'cloudy']",0,100,1.0
iskcon-sri-radha-krishna-temple-hare-krishna-hill-chord-road-rajajinagar-bengaluru-karnataka-560010,ISKCON Sri Radha Krishna Temple,Religious,general,"['family', 'friends', 'solo', 'spiritual']","Hare Krishna Hill, Chord Road, Rajajinagar, Bengaluru, Karnataka 560010",12.999,77.557,255,780,"Grand Radha‑Krishna shrine, cultural programs, prasadam, architectural complex on hill","['clear', 'cloudy']",0,100,1.0
dodda-basavana-gudi-bull-temple-bull-temple-road-basavanagudi-bengaluru-karnataka-560004,Dodda Basavana Gudi (Bull Temple),Religious,general,"['family', 'heritage', 'solo']","Bull Temple Road, Basavanagudi, Bengaluru, Karnataka 560004",12.948,77.571,360,720,"16th‑century granite Nandi idol (15 ft × 20 ft), Kadalekai Parishe groundnut fair, Dravidian architecture","['clear', 'cloudy']",0,50,1.0
indira-gandhi-musical-fountain-park-raj-bhavan-road-opposite-jawaharlal-nehru-planetarium-vasanth-nagar-bengaluru-karnataka-560001,Indira Gandhi Musical Fountain Park,	Nature / Entertainment,romantic,"['couple', 'evening', 'family', 'friends']","Raj Bhavan Road, Opposite Jawaharlal Nehru Planetarium, Vasanth Nagar, Bengaluru, Karnataka 560001",12.9765,77.5929,600,960,"India’s first computerized musical fountain with ~1,000 nozzles, 15 water formations, synchronized light-music shows","['clear', 'cloudy']",0,100,1.0
3-sparrows-caf-behind-rajarajeswari-medical-college-off-mysore-road-kumbalgodu-kengeri-bengaluru-karnataka-560074,3 Sparrows Café,Café / Food & Beverage,general,"['evening', 'friends', 'solo']","Behind Rajarajeswari Medical College, Off Mysore Road, Kumbalgodu/Kengeri, Bengaluru, Karnataka 560074",12.945,77.55,480,1320,"Specialty coffees, fresh healthy bites, vibrant café ambience near RR Medical College, gives French Colony Vibe in Bengaluru","['clear', 'cloudy']",0,300,1.0
bannerghatta-national-park-bannerghatta-road-bannerghatta-bengaluru-karnataka-560083,Bannerghatta National Park,Nature / Wildlife,general,"['family', 'friends', 'solo', 'wildlife']","Bannerghatta Road, Bannerghatta, Bengaluru, Karnataka 560083",12.8008,77.5756,570,1020,"Lion & tiger safaris, zoo, butterfly park (India’s first), rescue & rehabilitation centre, elephant sanctuary, Champakadhama temple at foothills","['clear', 'cloudy', 'post-monsoon']",0,500,1.0
harobele-dam-viewpoint-harobele-dam-near-harobele-village-kanakapura-taluk-ramanagara-district-karnataka,Harobele Dam ViewPoint,Nature / Scenic Viewpoint,general,"['friends', 'photography', 'relaxing', 'solo']","Harobele Dam, near Harobele Village, Kanakapura Taluk, Ramanagara District, Karnataka",12.4231,77.4411,360,1080,"Quiet reservoir views on Arkavathi river, scenic backwaters, migrating birds, pristine calm away from crowds","['clear', 'cloudy', 'post-monsoon']",0,100,1.0
sri-revana-siddeshwara-betta-siddapajji-betta-avverahalli-village-15-km-from-ramanagara-karnataka-562159,Sri Revana Siddeshwara Betta (Siddapajji Betta),Religious / Trekking,adventure,"['adventure', 'friends', 'photography', 'solo', 'spiritual']","Avverahalli village, ~15 km from Ramanagara, Karnataka 562159",12.686,77.329,510,720,"Three‑tier hill temple (Renukamba at base, Bheemeshwari midway, Revana Siddeshwara at summit), rooftop pond, panoramic view, steps carved into monolithic rock, devotional trek","['clear', 'cloudy', 'post-monsoon']",0,100,1.0
yediyur-lake-yediyur-lake-park-22nd-cross-rd-jayanagar-bengaluru-karnataka-560082,Yediyur Lake,Nature / Park / Outdoor,general,"['birdwatching', 'family', 'jogging', 'solo']","Yediyur Lake Park, 22nd Cross Rd, Jayanagar, Bengaluru, Karnataka 560082",12.9255,77.5752,300,600,"Historical Hoysala-era lake (~1,400 years old), jogging track, pedal boating (Rs 50 for 30 min), diverse birdlife with ~30–140 species recorded, shaded relax zones and greenery","['clear', 'cloudy']",0,50,1.0
manchanabele-dam-manchanbele-dam-reservoir-manchanabele-village-kanakapura-magadi-road-ramanagara-district-karnataka-562111-40-km-from-bengaluru,Manchanabele Dam (Manchanbele Dam Reservoir),	Nature / Scenic Reservoir,general,"['birdwatching', 'family', 'friends', 'photography', 'solo']","Manchanabele Village, Kanakapura–Magadi Road, Ramanagara District, Karnataka 562111 (~40 km from Bengaluru)",12.665,77.23,360,1080,"Scenic Arkavathi reservoir views backed by rugged hills; bird‑watching, picnics, trekking, kayaking; tranquil sunsets","['clear', 'cloudy', 'post‑monsoon']",0,100,1.0
art-of-living-international-center-21st-km-kanakapura-road-udayapura-bengaluru-south-karnataka-560082,Art of Living International Center,	Spiritual / Wellness / Nature,general,"['family', 'nature', 'solo', 'spiritual']","21st Km, Kanakapura Road, Udayapura, Bengaluru South, Karnataka 560082", 12.8420,77.473,360,1260,"Vishalakshi Mantap (25,000‑person meditation hall), bus tour of lush 65‑acre campus, Gaushala & Ayurveda hospital, satsangs & free sattvic prasad","['clear', 'cloudy']",0,200,1.0
vade-malleshwara-betta-jagadapura-village-ramanagara-district-karnataka-76-km-from-bengaluru-on-mysore-road,Vade Malleshwara Betta,Religious / Scenic Trek,adventure,"['adventure', 'friends', 'photography', 'solo', 'spiritual']","Jagadapura village, Ramanagara District, Karnataka (~76 km from Bengaluru on Mysore Road)",12.64,77.295,540,1050,"Shiva temple atop rocky hill, moderate trek (~350–400 steps), panoramic views of rugged Ramanagara hills, photographic sunrise/sunset spot","['clear', 'cloudy', 'post-monsoon']",0,100,1.0
suvarnamukhi-temple-hill-suvarnamukhi-kere-suvarnamukhi-hill-near-champakadhama-swamy-temple-bannerghatta-bengaluru-karnataka-20-km-from-bengaluru-cbd,Suvarnamukhi Temple & Hill (Suvarnamukhi Kere),Religious / Trekking,adventure,"['adventure', 'friends', 'photography', 'solo', 'spiritual']","Suvarnamukhi Hill, near Champakadhama Swamy Temple, Bannerghatta, Bengaluru, Karnataka (~20 km from Bengaluru CBD)",12.783,77.573,540,1020,Ancient Champakadhama & Ugra Narasimha temples; healing Suvarnamukhi pond with mythic roots; stone-circle rituals; easy forest trek to hilltop Vahnigiri peak with panoramic views,"['clear', 'cloudy', 'post-monsoon']",0,100,1.0
mykos-craft-kitchen-bar-srk-towers-bannerghatta-road-krishnaraju-layout-amalodbhavi-nagar-bilekahalli-bengaluru-karnataka-560076,Mykos Craft Kitchen & Bar,Food & Beverage / Bar,romantic,"['couple', 'evening', 'friends', 'instagrammable', 'solo']","SRK Towers, Bannerghatta Road, Krishnaraju Layout, Amalodbhavi Nagar, Bilekahalli, Bengaluru, Karnataka 560076",12.9145,77.5905,750,30,"Mediterranean‑inspired décor & rooftop with coin‑toss wishing fountain, signature cocktails (White Sand Sipper, Zeus), live music nights, spanakopita, baklava cheesecake, kebabs, sushi","['clear', 'cloudy']",0,800,1.0
kebapci-74-khb-colony-17th-e-main-road-koramangala-6th-block-bengaluru-karnataka-560095,Kebapci,Food & Beverage / Middle Eastern,romantic,"['couple', 'evening', 'friends', 'solo']","74 KHB Colony, 17th E Main Road, Koramangala 6th Block, Bengaluru, Karnataka 560095",12.9358,77.6149,720,30,"Signature Turkish dishes—Adana Kebap, Cihan Kebap (cheese stuffed), Lahmacun, Tavouk platter, Mutton Izmir Kofte, Kunafa cheesecake; authentic spices imported from Turkey; Middle East‑inspired décor and ambience","['clear', 'cloudy']",0,400,1.0
helen-s-place-no-90-service-road-above-titan-world-marathahalli-bengaluru-karnataka-560037,Helen’s Place,	Food & Beverage / Fusion Dining,romantic,"['couple', 'evening', 'friends', 'instagrammable']","No. 90, Service Road, Above Titan World, Marathahalli, Bengaluru, Karnataka 560037",12.9515,77.692,720,60,"Indo‑Portuguese fusion cuisine, chic multi‑level indoor‑outdoor spaces, signature dishes like fish tacos, brownies, pasta & unique cocktails; often praised for ambience and aesthetics","['clear', 'cloudy']",0,300,1.0
the-french-treaty-shop-no-14-15-jinvara-avalahalli-yelahanka-bengaluru-karnataka-560064,The French Treaty,Café / Patisserie / Food & Beverage,romantic,"['breakfast', 'couple', 'friends', 'pastries', 'solo']","Shop No. 14‑15, Jinvara, Avalahalli / Yelahanka, Bengaluru, Karnataka 560064",13.081,77.596,540,1170,"Buttery croissants, French pastries (Galette Bretonne, French toast, crepes), elegant garden‑like brick ambience, calm outdoor courtyard setting","['clear', 'cloudy']",0,350,1.0
botanica-35-holiday-village-rd-paramount-gardens-jyotipuram-vajarahalli-kanakapura-road-bengaluru-560062,Botanica,	Food & Beverage / North Indian,romantic,"['couple', 'evening', 'friends', 'instagrammable']","35 Holiday Village Rd, Paramount Gardens, Jyotipuram, Vajarahalli, Kanakapura Road, Bengaluru 560062",12.8425,77.5712,660,1380,Bali-inspired tropical ambience with candles & greenery; North Indian & Oriental cuisine; candlelight dinners & craft cocktails,"['clear', 'cloudy']",0,800,1.0
thai-basil-plot-32-80-feet-road-koramangala-4th-block-bengaluru-560095,Thai Basil,Food & Beverage / Thai,romantic,"['couple', 'dinner', 'friends', 'solo']","Plot 32, 80 Feet Road, Koramangala 4th Block, Bengaluru 560095",12.935,77.616,720,1380,"Authentic Thai dishes (Tom Yum, Pad Thai, seasonal mango sticky rice); repeatedly awarded ""Best Thai Restaurant""","['clear', 'cloudy']",0,500,1.0
kazan-japanese-ramen-45-39-shanthala-nagar-ashok-nagar-church-street-bengaluru-560001,Kazan Japanese Ramen,Food & Beverage / Japanese,general,"['dinner', 'friends', 'noodles', 'solo']","45‑39 Shanthala Nagar, Ashok Nagar (Church Street), Bengaluru 560001",12.975,77.603,720,1380,"“Volcano ramen” served in 300 °C stone bowl, rich broths, cozy Japanese ambiance","['clear', 'cloudy']",0,450,1.0
kopitiam-lah-1088-ground-floor-12th-main-hal-2nd-stage-indiranagar-bengaluru-560038,Kopitiam Lah,Food & Beverage / Malaysian,general,"['breakfast', 'friends', 'lunch', 'solo']","1088, Ground Floor, 12th Main, HAL 2nd Stage, Indiranagar, Bengaluru 560038",12.979,77.641,510,1350,"Malaysia-style kopi & kaya toast, nasi lemak, char kway teow; launched by Chef Joonie Tan","['clear', 'cloudy']",0,350,1.0
toscano-2nd-floor-ub-city-24-vittal-mallya-rd-near-lavelle-road-bengaluru-560001,Toscano,Food & Beverage / Italian,romantic,"['couple', 'family', 'fine dining', 'friends']","2nd Floor, UB City, 24 Vittal Mallya Rd, near Lavelle Road, Bengaluru 560001",12.9715,77.5945,660,900,"Tuscan-inspired handcrafted pasta, steak & seafood, curated olive oils & wine list","['clear', 'cloudy']",0,700,1.0
the-rice-bowl-40-2-hotel-southern-star-lavelle-road-mg-road-bengaluru-560001,The Rice Bowl,Food & Beverage / Pan-Asian,general,"['dinner', 'family', 'friends', 'solo']","40/2, Hotel Southern Star, Lavelle Road, MG Road, Bengaluru 560001",12.973,77.609,720,1365,"Pan-Asian & Sichuan dishes (soup, Hakka noodles), elegant fine-dining setup","['clear', 'cloudy']",0,400,1.0
ragigudda-sri-prasanna-anjaneyaswamy-temple-jayanagar-9th-block-bengaluru-urban-karnataka-560011,Ragigudda Sri Prasanna Anjaneyaswamy Temple,Religious / Hill‑Temple,general,"['family', 'heritage', 'solo', 'spiritual']","Jayanagar 9th Block, Bengaluru Urban, Karnataka 560011",12.9248,77.5865,480,1200,"Hill‑temple with Lord Hanuman shrine plus shrines for Rama‑Sita‑Lakshmana; rock‑engraved trinity deities; annual 12‑day Hanuman Jayanti festival with 35,000+ devotees; charitable education and healthcare initiatives","['clear', 'cloudy']",0,100,1.0
shree-maruti-sai-dham-temple-adakamaranahalli-corner-service-road-tumkur-road-nh-4-bengaluru-karnataka-562123,Shree Maruti Sai Dham Temple,Religious,general,"['devotional', 'family', 'solo', 'spiritual']","Adakamaranahalli Corner, Service Road, Tumkur Road, NH‑4, Bengaluru, Karnataka 562123",13.0698,77.4454,480,1230,"36-ft monolithic granite Hanuman statue (carved from 250-ton block), shrines of Sai Baba & Santoshi Maa, intricate Ramayana wall murals, elephant‑flanked stairway entrance","['clear', 'cloudy']",0,100,1.0
jaya-prakash-narayan-park-22-1-tank-bund-road-brindavan-nagar-bandappa-garden-mathikere-bengaluru-karnataka-560054,Jaya Prakash Narayan Park,Nature / Park / Recreation,general,"['evening', 'family', 'fitness', 'friends', 'solo']","22/1 Tank Bund Road, Brindavan Nagar, Bandappa Garden, Mathikere, Bengaluru, Karnataka 560054",12.989,77.566,300,540,"Star-themed groves (Nakshatra & Navagraha Vana), rock‑garden, four scenic lakes, jogging & play zones, evening musical fountain shows (₹10 entry) on weekends","['clear', 'cloudy']",0,50,1.0
iskcon-sri-rajadhiraja-govinda-temple-vaikuntha-hill-vaikuntha-hill-kanakapura-road-vasanthapura-near-konakunte-bengaluru-karnataka-560061,ISKCON Sri Rajadhiraja Govinda Temple (Vaikuntha Hill),Religious / Spiritual,chill_relaxed,"['family', 'peaceful', 'solo', 'spiritual']","Vaikuntha Hill, Kanakapura Road, Vasanthapura (near Konakunte), Bengaluru, Karnataka 560061",12.925,77.547,270,760,"Stone-carved traditional Dravidian Venkateswara deities; panoramic views of South Bengaluru from hill; free prasadam, gardens & temple amenities","['clear', 'cloudy']",0,100,1.0
sri-raghavendra-stores-opposite-manipal-north-side-hospital-11th-main-rd-next-to-malleswaram-railway-station-malleshwaram-bengaluru-karnataka-560003,Sri Raghavendra Stores,Food & Beverage / Street Food,general,"['breakfast', 'budget', 'friends', 'solo']","Opposite Manipal North Side Hospital, 11th Main Rd, next to Malleswaram Railway Station, Malleshwaram, Bengaluru, Karnataka 560003",12.9735,77.572,360,750,"Soft idlis, crispy vadas, signature Shavige Bath & Khara Bath, flavorful coconut chutney, affordable South Indian breakfast under ₹50; standing-only, fast service","['clear', 'cloudy']",0,50,1.0
sri-dakshinamukha-nandi-tirtha-kalyani-kshetra-2nd-temple-st-near-kadu-malleshwara-temple-malleshwaram-bengaluru-karnataka-560003,Sri Dakshinamukha Nandi Tirtha Kalyani Kshetra,Religious,chill_relaxed,"['family', 'heritage', 'peaceful', 'solo']","2nd Temple St, near Kadu Malleshwara Temple, Malleshwaram, Bengaluru, Karnataka 560003",12.9775,77.569,450,720,South-facing Nandi statue with continuous water flowing onto Shiva Linga into a stepped Kalyani tank housing tortoises & fishes; rediscovered in 1997 after being buried centuries; peaceful heritage design,"['clear', 'cloudy']",0,150,1.0
amrith-ice-cream-51-5th-main-11th-cross-road-malleshwaram-bengaluru-karnataka-560003,Amrith Ice Cream,	Food & Beverage / Desserts,general,"['budget', 'family', 'solo', 'traditional']","51, 5th Main, 11th Cross Road, Malleshwaram, Bengaluru, Karnataka 560003",12.9735,77.5745,660,1230,"Classic homemade ice creams and kulfis—flavors like Manoranjini, Fig‑Honey, Kesar Badam, Caribou Coffee; made fresh daily without additives; nostalgic old‑school ambience","['clear', 'cloudy']",0,100,1.0
sri-bhagyalakshmi-butter-and-gulkand-store-47-1-rathan-mahal-building-sampige-road-malleshwaram-circle-bengaluru-karnataka-560003,Sri Bhagyalakshmi Butter And Gulkand Store,Food & Beverage / Desserts,general,"['budget', 'friends', 'solo', 'traditional']","47/1 Rathan Mahal Building, Sampige Road, Malleshwaram Circle, Bengaluru, Karnataka 560003", 12.9735,77.572,600,1260,"Butter‑gulkand combos like bun butter and gulkand, butter gulkand with banana or ice cream; classic rose gulkand jars; nostalgic simple sweets priced ₹30–₹70","['clear', 'cloudy']",0,100,1.0
kamal-book-stall-29-2nd-cross-2nd-main-sampige-road-malleshwaram-bengaluru-karnataka-560003,Kamal Book Stall,Bookshop / Street Vendor,general,"['budget', 'reading', 'second-hand', 'solo']","#29, 2nd Cross, 2nd Main, Sampige Road, Malleshwaram, Bengaluru, Karnataka 560003",12.975,77.572,570,1200,"Budget second-hand books (fiction, non-fiction, classics, magazines) often ₹20–₹50; pavement display, bargain-friendly, local book lovers’ haunt","['clear', 'cloudy']",0,100,1.0
hesaraghatta-lake-backwaters-hesaraghatta-lake-hesaraghatta-bengaluru-rural-district-karnataka-560089-18-km-nw-of-bengaluru,Hesaraghatta Lake & Backwaters,	Nature / Wildlife / Birdwatching,general,"['birdwatching', 'cycling', 'friends', 'photography', 'solo']","Hesaraghatta Lake, Hesaraghatta, Bengaluru Rural District, Karnataka 560089 (~18 km NW of Bengaluru)",12.988,77.477,360,1080,"Historic 1894 reservoir; expansive grasslands, over 29 species of migratory & resident birds (e.g. harriers, egrets, drongos); popular for long-distance cycling routes (~30 km); serene nature retreat","['clear', 'cloudy', 'post-monsoon']",0,100,1.0
rangoli-gardens-inside-mahatma-gandhi-institute-of-rural-energy-development-rachenahalli-srirampura-jakkur-bengaluru-karnataka-560064,Rangoli Gardens,Cultural / Family / Edutainment,general,"['cultural', 'educational', 'family', 'friends', 'solo']","Inside Mahatma Gandhi Institute of Rural Energy & Development, Rachenahalli Srirampura, Jakkur, Bengaluru, Karnataka 560064",13.0422,77.5998,540,1080,"Life‑size model village of Karnataka, cultural heritage exhibits, traditional craft demonstrations, pottery, traditional food stalls, tonga and horse rides, children’s play zones, and rural lifestyle immersion","['clear', 'cloudy']",0,150,1.0
sri-chamarajendra-park-cubbon-park-kasturba-road-behind-karnataka-high-court-ambedkar-veedhi-sampangi-rama-nagar-bengaluru-karnataka-560001,Sri Chamarajendra Park (Cubbon Park),Nature / Park / Heritage,general,"['family', 'fitness', 'friends', 'heritage', 'solo']","Kasturba Road, behind Karnataka High Court, Ambedkar Veedhi, Sampangi Rama Nagar, Bengaluru, Karnataka 560001",12.975,77.5933,360,1080,"Historic 300‑acre garden from 1870, heritage edifices (Museum, Aquarium, Bandstand, Attara Kacheri), colonial-era statues (Cubbon, Queen Victoria), floral avenues, biodiversity, guided “Cubbon Walks” on weekends","['clear', 'cloudy', 'post-monsoon']",0,50,1.0
lumbini-gardens-nagavara-lake-outer-ring-road-hebbal-bengaluru-karnataka-560045,Lumbini Gardens,Nature / Entertainment / Family,general,"['boating', 'family', 'friends', 'kids', 'solo']","Nagavara Lake, Outer Ring Road, Hebbal, Bengaluru, Karnataka 560045",13.035,77.612,660,1140,"Lakeside boating (pedal, coffee, electric boats), wave pool, kids amusement rides, floating restaurant, 25‑ft Buddha statue, scenic walking path (~1.5 km) and landscaped gardens with fountains and food stalls","['clear', 'cloudy']",0,250,1.0
puttenahalli-lake-jp-nagar-jp-nagar-7th-phase-bengaluru-karnataka-560078,Puttenahalli Lake (JP Nagar),	Nature / Wildlife / Birdwatching,general,"['birdwatching', 'family', 'friends', 'solo', 'walking']","JP Nagar 7th Phase, Bengaluru, Karnataka 560078",12.924,77.576,360,1080,Citizen‑led rejuvenation; walking track; 13‑acre lake with artificial floating wetlands; habitat for ~80–121 bird species; community nature walks,"['clear', 'cloudy', 'post‑monsoon']",0,50,1.0
fun-world-amusement-park-palace-grounds-jc-nagar-tv-tower-bengaluru-karnataka-560006,Fun World Amusement Park,Nature / Entertainment / Amusement Park,general,"['family', 'friends', 'kids', 'thrill-seekers']","Palace Grounds, JC Nagar (TV Tower), Bengaluru, Karnataka 560006",12.995,77.581,630,1140,"Over 100 rides across Fun World, Water World & Wow World—including roller coasters, water slides, Snow City, arcade, bowling alley; multi-zone park combining dry, water & indoor attractions","['clear', 'cloudy']",0,100,1.0
jarakabandi-state-forest-jarakabande-kaval-jalahalli-renaissance-hvv-villas-area-bengaluru-karnataka-560015,Jarakabandi State Forest (Jarakabande Kaval),Nature / Forest / Wildlife,general,"['birdwatching', 'cycling', 'friends', 'photography', 'solo']","Jalahalli / Renaissance HVV Villas area, Bengaluru, Karnataka 560015",13.037,77.536,0,0,"Urban forest remnant with dense greenery, deer and peacocks sighting zones, part of Jalahalli’s green corridor adjacent to IAF range — locals spot birds like peacocks at dawn","['clear', 'cloudy']",0,100,0.8
orion-mall-brigade-gateway-dr-rajkumar-road-brigade-gateway-rajajinagar-bengaluru-karnataka-560055,Orion Mall (Brigade Gateway),Shopping / Entertainment / Dining,general,"['entertainment', 'family', 'friends', 'movies', 'shopping']","Dr Rajkumar Road, Brigade Gateway, Rajajinagar, Bengaluru, Karnataka 560055",12.9795,77.557,600,1320,"Over 300 premium retail stores (Zara, Sephora, Shoppers Stop), PVR multiplex (11 screens), Blu-O bowling, Time Zone arcade, rooftop garden & sky bridge with lake view, integrated enclave with World Trade Centre & Sheraton Hotel","['clear', 'cloudy']",0,800,1.0
the-heritage-centre-aerospace-museum-hal-aerospace-museum-near-old-airport-road-varthur-road-hal-airport-premises-bengaluru-karnataka-560017,The Heritage Centre & Aerospace Museum (HAL Aerospace Museum),	Educational / Heritage / Aviation,general,"['aviation', 'education', 'family', 'kids', 'solo']","Near Old Airport Road, Varthur Road, HAL Airport premises, Bengaluru, Karnataka 560017",12.955, 77.6685,540,990,"India’s first aerospace museum showcasing HAL‑built aircraft (Canberra, Sea King, Kiran, LCA Tejas), flight simulators, engine models, Indian aviation history exhibits, aviation memorabilia, restored garden with display hangars","['clear', 'cloudy']",0,600,1.0
shri-chowdeshwari-devi-ammanavara-temple-18-1a-cross-rd-hmt-layout-mathikere-bengaluru-karnataka-560038,Shri Chowdeshwari Devi Ammanavara Temple,	Religious / Spiritual,general,"['family', 'heritage', 'solo', 'spiritual']","#18, 1A Cross Rd, HMT Layout (Mathikere), Bengaluru, Karnataka 560038",13.0326,77.5549,360,720,"Goddess Chowdeshwari reputed to write answers on slate, powerful spiritual ambiance; devotees come seeking personal guidance and relief; special focus on Navaratri and Ayudha puja rituals","['clear', 'cloudy']",0,300,1.0
nrityagram-dance-village-nrityagram-near-hesaraghatta-village-bengaluru-rural-district-karnataka-560088,Nrityagram Dance Village,	Cultural / Education / Heritage,general,"['educational', 'friends', 'performance', 'solo', 'spiritual']","Nrityagram, near Hesaraghatta Village, Bengaluru Rural District, Karnataka 560088",13.015, 77.4250 ,600,840,"India’s first Gurukul-style dance village—mud-architecture campus, live classical dance training (Odissi, Mohiniattam, Kathak, Bharatanatyam, Kuchipudi, Kathakali, Manipuri), amphitheatre & Temple of Dedication, annual Vasantahabba spring festival","['clear', 'cloudy', 'post-monsoon']",0,100,1.0
jakkur-aerodrome-jakkur-off-bellary-road-airport-road-north-bengaluru-karnataka-560064,Jakkur Aerodrome,Aviation / Adventure / Heritage,general,"['aviation', 'friends', 'microlight', 'photography', 'solo']","Jakkur, off Bellary Road / Airport Road, North Bengaluru, Karnataka 560064",12.962,77.639,390,600,"Karnataka’s only general aviation airfield; Government Flying Training School (est. 1949), microlight joyrides, training by Agni Aero & Deccan Charters; aerial views over Bengaluru skyline and lake zones on small aircraft rides","['clear', 'cloudy']",0,100,1.0
visvesvaraya-industrial-technological-museum-kasturba-road-adjacent-to-cubbon-park-bengaluru-karnataka-560001,Visvesvaraya Industrial & Technological Museum,Educational / Science Museum,general,"['educational', 'family', 'interactive', 'kids', 'solo']","Kasturba Road, adjacent to Cubbon Park, Bengaluru, Karnataka 560001",12.9765,77.592,570,1080,"Interactive industrial and science exhibits including Electric, Aviation, Space, Biotechnology galleries; Wright Brothers’ Flyer replica & flight simulator; animated dinosaur, science shows, 3D theatre, Science on a Sphere","['clear', 'cloudy']",0,200,1.0
equilibrium-climbing-station-devatha-plaza-cmh-road-indiranagar-bengaluru-karnataka-560038,Equilibrium Climbing Station,Adventure / Fitness / Indoor Climbing,general,"['adrenaline', 'beginner‑friendly', 'fitness', 'friends', 'solo']","Devatha Plaza, CMH Road, Indiranagar, Bengaluru, Karnataka 560038",12.971,77.64,360,1380,"Extensive bouldering area (~3,300 sq ft), plus lead and speed walls; graded routes by difficulty; beginner-friendly staff support and stretching/warm‑up zones; onsite gear store","['clear', 'cloudy']",0,300,1.0
byg-brewski-brewing-company-hennur-bagalur-main-rd-hennur,Byg Brewski Brewing Company,Food & Beverage / Microbrewery,general,"['beer', 'cocktails', 'evening', 'friends', 'live‑music']",Hennur Bagalur Main Rd (Hennur),12.9935,77.623,720,60,"Asia’s largest premium brewpubs—house‑brewed beers, extensive multi‑cuisine menu (Indian, Continental, Asian), live music, pool‑side & outdoor seating overlooking ponds, multiple bar counters, private lounges, amphitheatre and event nights","['clear', 'cloudy']",0,700,1.0
byg-brewski-brewing-company-sarjapur-main-rd-kaikondrahalli-south-bengaluru,Byg Brewski Brewing Company,Food & Beverage / Microbrewery,general,"['beer', 'cocktails', 'evening', 'friends', 'live‑music']","Sarjapur Main Rd, Kaikondrahalli (South Bengaluru)",12.914,77.661,720,60,"Asia’s largest premium brewpubs—house‑brewed beers, extensive multi‑cuisine menu (Indian, Continental, Asian), live music, pool‑side & outdoor seating overlooking ponds, multiple bar counters, private lounges, amphitheatre and event nights","['clear', 'cloudy']",0,900,1.0
parshwanath-sushil-dham-jain-temple-26-2-balagarana-halli-neralur-post-surana-nagar-attibele-off-hosur-road-bengaluru-karnataka-562107,Parshwanath Sushil Dham Jain Temple,Religious / Heritage / Spiritual,general,"['architecture', 'family', 'solo', 'spiritual']","26/2 Balagarana Halli, Neralur Post, Surana Nagar (Attibele), Off Hosur Road, Bengaluru, Karnataka 562107",12.798,77.786,360,720,"Majestic white marble carvings, shrine of Tirthankar Parshwanath and Dadavadi of Sushil Suriji; serene garden precincts; bhojanshala & dharmashala; children’s play area; museum with gemstone idols","['clear', 'cloudy']",0,100,1.0
sri-suvarnamukhi-temple-rh38-p57-bannerghatta-forest-area-bengaluru-karnataka-560083,Sri Suvarnamukhi Temple,	Religious / Nature Trek,general,"['friends', 'hiking', 'nature', 'solo', 'spiritual']","RH38+P57, Bannerghatta Forest area, Bengaluru, Karnataka 560083",12.912,77.59,360,960,"Ancient Champakadhama Swamy temple, serene forest trek, Suvarnamukhi mystical pond—believed healing water, with Hanuman inscription at pond bottom; forest walk dotted with stone-circle formations, multiple temples including Ugra Narasimha and Bhavani-Shankara","['clear', 'cloudy', 'post‑monsoon']",0,100,1.0
bannerghatta-biological-park-bannerghatta-road-bengaluru-urban-district-karnataka-560083,Bannerghatta Biological Park,	Nature / Wildlife / Safari,general,"['family', 'friends', 'kids', 'photography', 'wildlife']","Bannerghatta Road, Bengaluru Urban District, Karnataka 560083",12.8,77.577,570,1020,"Grand Safari (tigers, lions, bears & herbivores), India’s first Butterfly Park, zoo displays, rescue & rehab centre, crocodile & snake farms, boat rides & children’s park","['clear', 'cloudy', 'post‑monsoon']",0,500,1.0
shri-ranadheera-kanteerava-park-rashtriya-vidyalaya-road-south-end-circle-jayanagar-bengaluru-karnataka-560041,Shri Ranadheera Kanteerava Park,Nature / Heritage / Recreation,general,"['family', 'fitness', 'friends', 'heritage', 'solo']","Rashtriya Vidyalaya Road, South End Circle, Jayanagar, Bengaluru, Karnataka 560041",12.9255,77.5855,600,1260,"Sculptures of historic Kannada rulers and poets, themed open gym for men & women, children’s play areas with fruit‑shaped benches, themed ponds & fountains, tranquil greenery in central Jayanagar","['clear', 'cloudy']",0,50,1.0
hanumagiri-betta-sri-hanumagiri-kshetra-annamma-betta-sneha-colony-chikkalasandra-padmanabha-nagar-bengaluru-karnataka-560061,Hanumagiri Betta (Sri Hanumagiri Kshetra / Annamma Betta),Religious / Nature Trek / Heritage,general,"['family', 'heritage', 'hiking', 'solo', 'spiritual']","Sneha Colony, Chikkalasandra / Padmanabha Nagar, Bengaluru, Karnataka 560061",12.925,77.535,420,1200,"Ancient hill temple complex atop a small hillock that includes Sri Mukhyaprana (Hanuman) Temple, Arkeshwara Shiva Temple, and Ganapati Temple; believed fragment of Sanjeevini Mountain from Hanuman’s epic journey; panoramic views of city and evening kite festivals.","['clear', 'cloudy', 'post‑monsoon']",0,100,1.0
ragigudda-sri-prasanna-anjaneyaswamy-temple-wh7v-p77-ksrtc-layout-jayanagara-9th-block-jayanagar-bengaluru-560069,Ragigudda Sri Prasanna Anjaneyaswamy Temple,Religious / Heritage / Community,general,"['family', 'heritage', 'hill-temple', 'solo', 'spiritual']","WH7V+P77, KSRTC Layout, Jayanagara 9th Block, Jayanagar, Bengaluru – 560069",12.925,77.578,480,690,"Spread across a hillock, built from mythical “Ragi” origin story; features a large Hanuman idol, shrines to Rama-Sita-Lakshmana, Shiva-linga, Ganesha, Navagrahas & engraved Trimurthy rocks; charitable institution with free prasadam, educational & healthcare services; grand 12‑day Hanuman Jayanti celebration draws ~35,000 devotees","['clear', 'cloudy', 'post‑monsoon']",0,100,1.0
yediyur-lake-shop-no-1-22nd-cross-rd-yediyur-jayanagar-area-bengaluru-560082,Yediyur Lake,Nature / Wildlife / Birdwatching,general,"['birdwatching', 'family', 'friends', 'jogging', 'solo']","Shop No. 1, 22nd Cross Rd, Yediyur (Jayanagar area), Bengaluru – 560082", 12.9350,77.574,300,600,"One of Bengaluru’s oldest Hoysala-era lakes (~1,400 years old), scenic jogging track, pedal boating, biodiversity wall & bird towers, over 50 local + migratory bird species observed including white-cheeked barbet, shikra, spot-billed duck, ibis, parakeet, koel, night heron","['clear', 'cloudy', 'post‑monsoon']",0,50,1.0
sri-ranganathaswamy-temple-xhch-3mh-rangaswamy-temple-st-anchepet-nagarathpete-bengaluru-560053,Sri Ranganathaswamy Temple,Religious / Heritage / Architecture,general,"['family', 'heritage', 'solo', 'spiritual']","XHCH+3MH, Rangaswamy Temple St, Anchepet, Nagarathpete, Bengaluru – 560053",12.9745,77.568,420,720,Ancient Vijayanagara-style temple (~16th century) with finely carved granite pillars reflecting Hoysala influence; rotating central pillar sealed for preservation; chariot festival (Rathotsavam) and Vaikuntha Ekadashi draw thousands; shrine houses Lord Ranganatha with Bhoodevi & Neeladevi,"['clear', 'cloudy']",0,100,1.0
shri-dharmaraya-swamy-temple-1041-1st-cross-dharmaraya-swamy-temple-rd-nagarathpete-bengaluru-karnataka-560002,Shri Dharmaraya Swamy Temple,	Religious / Heritage / Cultural,general,"['family', 'festival', 'heritage', 'spiritual']","1041 1st Cross, Dharmaraya Swamy Temple Rd, Nagarathpete, Bengaluru, Karnataka 560002",12.9713,77.576,330,690,"Ancient ~800‑year‑old temple dedicated to the Pandavas and Draupadi, exquisite Dravidian architecture blending Ganga, Pallava & Vijayanagara styles; hosts the iconic Bangalore Karaga—a vibrant full‑moon procession honoring Draupadi Devi","['clear', 'cloudy']",0,100,1.0
tipu-sultan-s-summer-palace-albert-victor-road-chamrajpet-near-krishna-rajendra-market-bengaluru-560018,Tipu Sultan’s Summer Palace,Heritage / Museum / Architecture,general,"['architecture', 'family', 'heritage', 'history', 'solo']","Albert Victor Road, Chamrajpet (near Krishna Rajendra Market), Bengaluru – 560018",12.9595,77.5736,510,1050,"Elegant two-storey teakwood Indo‑Islamic architecture, carved floral arches & balconies, Tipu’s Durbar Hall, Zenana quarters; a museum displaying paintings, Tipu’s garments & crown, replica of Tiger automaton, throne plans & arms","['clear', 'cloudy']",0,150,1.0
art-of-living-international-center-bangalore-ashram-21st-km-kanakapura-road-udaypura-ved-vignan-maha-vidya-peeth-bengaluru-560082,Art of Living International Center (Bangalore Ashram),Spiritual / Retreat / Nature,general,"['family', 'meditation', 'nature', 'peace', 'solo']","21st km, Kanakapura Road, Udaypura (Ved Vignan Maha Vidya Peeth), Bengaluru – 560082",12.785,77.55,540,1140,"Vast 65-acre campus atop Panchagiri Hills—a serene blend of gardens (Nakshatra Vanam, Radha Kunj), the Vishalakshi Mantap meditation dome (25,000 capacity), SambA Parameshwara temple, cows at the gaushala, Ayurveda Panchakarma centre, and wellness programs including Sudarshan Kriya & evening Satsang","['clear', 'cloudy', 'post‑monsoon']",0,200,1.0
shree-jagannath-temple-agara-flyover-agara-village-1st-sector-hsr-layout-bengaluru-560102,Shree Jagannath Temple,Religious / Heritage / Spiritual,general,"['devotional', 'family', 'heritage', 'solo']","Agara Flyover, Agara Village, 1st Sector, HSR Layout, Bengaluru – 560102",12.923,77.628,390,780,"Mini replica of the Puri Jagannath Temple: Lords Jagannath, Balabhadra & Subhadra carved from sacred neem logs; hosts Odisha-style Rath Yatra festival attracting ~15,000 devotees; blend of Kalinga architecture & Odia rituals in Bengaluru","['clear', 'cloudy']",0,100,1.0
hennur-bamboo-forest-marasandra-forest-mitganahalli-bellahalli-region-bengaluru-north,Hennur Bamboo Forest (Marasandra Forest),Nature / Adventure / Trail,general,"['cycling', 'friends', 'photography', 'running', 'solo']","Mitganahalli / Bellahalli region, Bengaluru North",13.042,77.664,0,0,"Long natural dirt trail (~10–12 km each way) lined with dense bamboo groves, popular ultra-marathon route and off-road cycling loop for adventure seekers and runners.","['clear', 'cloudy', 'post‑monsoon']",0,100,0.8
chinnappanahalli-lake-park-xp85-29p-sri-nivasa-reddy-layout-aecs-layout-marathahalli-bengaluru-560037,Chinnappanahalli Lake Park,Nature / Park / Fitness,general,"['birdwatching', 'family', 'friends', 'jogging', 'solo']","XP85+29P, Sri Nivasa Reddy Layout, AECS Layout, Marathahalli, Bengaluru – 560037",12.935,77.623,360,660,"1.6 km paved walking/jogging track, community development trust, play area for kids, bamboo tree zones, occasional migratory/resident bird sightings (though recent seasons saw fewer migratory visitors)","['clear', 'cloudy', 'post‑monsoon']",0,50,1.0
kaikondrahalli-lake-kaikondrahalli-village-sarjapur-road-area-bengaluru-560035,Kaikondrahalli Lake,Nature / Wildlife / Birdwatching,general,"['birdwatching', 'family', 'friends', 'jogging', 'solo']","Kaikondrahalli Village, Sarjapur Road area, Bengaluru 560035",12.914,77.634,330,630,"Community‑led restored 48‑acre lake known for migratory birds (pelicans, painted storks, purple herons, egrets & kingfishers), lakeside walking trail (~1.6 km), floral meadow zones, photogenic sunrises, biodiversity islands and wetland vegetation","['clear', 'cloudy', 'post‑monsoon']",0,50,1.0
sri-someshwara-swamy-temple-halasuru-ulsoor-someshwarpura-bengaluru-560008,Sri Someshwara Swamy Temple,Religious / Heritage / Architecture,general,"['family', 'heritage', 'solo', 'spiritual']","Halasuru (Ulsoor), Someshwarpura, Bengaluru – 560008",12.975,77.613,360,750,"One of Bengaluru’s oldest known temples (Chola era, 12th–13th century), later expanded under Kempe Gowda II and Vijayanagara rulers. Features remarkable Vijayanagara‑style mandapa with 48 carved pillars depicting scenes like Ravana lifting Kailash, Saptarishis, Durga slaying Mahishasura; shrines include Bheemeshwara, Chandramouleeshwara, Kamakshi & Navagraha. Popular during Mahashivaratri, Sankranthi, Kartika Somavaram, Brahmotsavam.","['clear', 'cloudy']",0,100,1.0
sarakki-lake-sarakki-lake-jp-nagar-7th-phase-puttenahalli-main-road-bengaluru-560078,Sarakki Lake,Nature / Wildlife / Birdwatching,general,"['birdwatching', 'family', 'friends', 'jogging', 'solo']","Sarakki Lake, JP Nagar 7th Phase, Puttenahalli Main Road, Bengaluru – 560078",12.8983, 77.5778,360,1140,"One of Bengaluru’s largest lakes (~82 acres), named ""Saavira Hakki"" (“thousand birds”); birdwatching (painted storks, spot‑billed ducks, purple swamphens, egrets), scenic sunset walks around ~2.5 km trail, community‑led rejuvenation model.","['clear', 'cloudy', 'post‑monsoon']",0,50,1.0
the-cafe-buddha-833-15th-cross-20th-main-a-block-sahakara-nagar-bengaluru-560092,The Cafe Buddha,Food & Beverage / Café / Casual Dining,romantic,"['couple', 'evening', 'friends', 'instagrammable']","833, 15th Cross, 20th Main, A Block, Sahakara Nagar, Bengaluru – 560092",13.02,77.587,540,1380,"Cozy aesthetic with creative interiors, Goan‑influenced continental & Asian menu (pasta, sandwiches, salads, mocktails), good portion sizes, lounge vibe with occasional live music","['clear', 'cloudy']",0,300,1.0
loco-bear-entertainment-hub-wjgq-vx5-jakkasandra-extension-koramangala-bengaluru-560034,Loco Bear Entertainment Hub,	Entertainment / Adventure / Indoor Activities,general,"['adrenaline', 'birthday', 'corporate', 'family', 'friends']","WJGQ+VX5, Jakkasandra Extension, Koramangala, Bengaluru – 560034",12.935,77.617,630,1380,"Over 35 games under one roof: India’s first multi-storey indoor go-karting, trampoline park, bowling alleys, laser tag, arcade/VR, shooting/archery range, shuffleboard, pool, cricket simulator and food lounge. Ideal for groups & corporate events with combo packages.","['clear', 'cloudy']",0,800,1.0
ranga-shankara-36-2-8th-cross-ii-phase-j-p-nagar-bengaluru-560078,Ranga Shankara,Arts & Culture / Theatre / Heritage,general,"['cultural', 'educational', 'friends', 'solo', 'theatre']","36/2, 8th Cross, II Phase, J. P. Nagar, Bengaluru – 560078",12.926,77.582,1155,1380,"Founded in 2004 by Sanket Trust in memory of Shankar Nag, Ranga Shankara is known for its thrust-stage auditorium, “a play a day” schedule, multilingual theatre (Kannada and other regional/foreign languages), annual theatre festival, and affordable ticketing. Venue includes Anju’s Café (sabudana vada & chai), art gallery (“Kitaki”) and Paperback bookshop.","['clear', 'cloudy', 'rainy season (indoor)']",0,400,1.0
the-firefly-terrace-4th-floor-suraj-ganga-arcade-14th-cross-rd-2nd-block-jayanagar-bengaluru-560011,The Firefly Terrace,Arts & Culture / DIY Studio / Creative Space,general,"['creative', 'family', 'friends', 'kids', 'workshop']","4th Floor, Suraj Ganga Arcade, 14th Cross Rd, 2nd Block, Jayanagar, Bengaluru – 560011",12.927,77.584,660,1140,"Over 50 DIY activities including mosaic tile art, pottery, canvas painting, decoupage, macramé, coasters & dreamcatcher-making; well-reviewed birthday & art-themed parties; kits shipped across India.","['clear', 'cloudy']",0,700,1.0
blossom-book-house-2-3rd-floor-prestige-commercial-complex-church-st-shanthala-nagar-bengaluru-560001,Blossom Book House,Arts & Culture / Bookstore / Heritage,general,"['booklover', 'friends', 'nostalgia', 'second‑hand', 'solo']","2, 3rd Floor, Prestige Commercial Complex, Church St, Shanthala Nagar, Bengaluru – 560001",12.9721,77.6105,630,1320,"Iconic three-storey store offering vast collections of second‑hand, rare and new books across genres; famous for serendipitous discoveries, high staff know-how in locating titles, and unique buy‑back system. Founded in 2000 by Mayi Gowda, it retains charm amid modern city change.","['clear', 'cloudy', 'rainy‑season (indoor)']",0,200,1.0
national-gallery-of-modern-art-ngma-bengaluru-49-palace-road-manikyavelu-mansion-vasanth-nagar-bengaluru-560052,"National Gallery of Modern Art (NGMA), Bengaluru",Arts & Culture / Museum / Heritage,general,"['cultural', 'educational', 'friends', 'photography‑allowed (exterior)', 'solo']","49, Palace Road, Manikyavelu Mansion, Vasanth Nagar, Bengaluru – 560052",12.9897,77.5881,600,1080,"Exhibits modern Indian art from the 18th century to present—artists include Raja Ravi Verma, Jamini Roy, Amrita Sher‑Gil, Rabindranath Tagore, and many contemporary names; housed in the restored colonial Manikyavelu Mansion with landscaped gardens, café, library, auditorium, and regularly held exhibitions, talks, film screenings, seminars, and guided gallery walks.","['clear', 'cloudy', 'post‑monsoon (indoor)']",0,150,1.0
n-vu-project-domlur-4th-main-road-domlur-2nd-stage-bengaluru-560071,Nāvu Project (Domlur),Food & Beverage / Fine Dining / Experimental Cuisine,romantic,"['couple', 'creative', 'foodie', 'friends', 'intimate']","4th Main Road, Domlur 2nd Stage, Bengaluru – 560071",12.9725,77.646,1140,1380,"Monthly rotating haute‑cuisine tasting menus featuring inventive dishes — e.g. cauliflower crème brûlée, mustard ice cream, spinach agnolotti, lamb chops with pistachio pesto. Wine‑paired desserts and creative plating in an intimate, subdued Domlur setting. Exceptional attention to flavor depth.","['clear', 'cloudy']",0,300,1.0
bettakote-lake-bettakote-village-devanahalli-taluk-bengaluru-rural-district-karnataka,Bettakote Lake,	Nature / Wildlife / Birdwatching,general,"['aviation', 'birdwatching', 'friends', 'solo', 'sunset walks']","Bettakote Village, Devanahalli Taluk, Bengaluru Rural District, Karnataka",13.212,77.7265,960,1140,"A quiet lake revitalized by airport-led rejuvenation efforts, offering views of KIA runway, popular for birdwatching (weavers, egrets, grey heron, purple moorhen, bee-eaters, bulbuls, shrikes) and spotting landing/taking-off flights.","['clear', 'cloudy', 'post‑monsoon']",0,100,1.0
akkayamma-betta-akkayamma-temple-hill-maranayakanahalli-off-nh44-near-decathlon-chikkajala-bengaluru,Akkayamma Betta (Akkayamma Temple Hill),Nature / Heritage / Religious Trek,general,"['family', 'heritage', 'light trek', 'solo', 'sunset']","Maranayakanahalli (off NH44 near Decathlon Chikkajala), Bengaluru",13.164,77.638,360,1080,"Small rugged hillock with five temples (Akkayamma Devi, Bhimeshwara, Muneeshwara, Ram, Mamai cave); easy 15 min climb (100 steps) or drive up; panoramic sunset view over airport runway; boulder-strewn terrain ideal for photography and quiet reflection.","['clear', 'cloudy', 'post‑monsoon']",0,100,1.0
the-bier-library-14-patel-narayana-reddy-layout-80-feet-main-road-koramangala-6th-block-bengaluru-karnataka-560095,The Bier Library,Food / Brewpub,fun_lively,"['couple', 'friends', 'hangout']","14, Patel Narayana Reddy Layout, 80 Feet Main Road, Koramangala 6th Block, Bengaluru, Karnataka 560095",12.9392,77.6258,720,60,"Craft beer, vibrant ambiance, open/green-seating, pizza & starters","['clear', 'cloudy']",0,800,1.0
extra-chutney-24-6th-cross-road-gandhi-nagar-bengaluru-karnataka-560009,Extra Chutney,Food / Café & South Indian Breakfast Spot,general,"['breakfast', 'budget', 'friends', 'solo']","24, 6th Cross Road, Gandhi Nagar, Bengaluru, Karnataka 560009",12.9875,77.606,420,1320,"Budget South-Indian breakfast with multiple chutneys (palli chutney, tomato chutney, sweet ginger chutney) and strong local café vibe.","['mild morning', 'pleasant evening']",0,150,1.0
ayra-rooftop-bar-kitchen-airport-road-bagalur-cross-yelahanka-bengaluru-karnataka-india,Ayra Rooftop Bar & Kitchen,Food / Bar & Brewery,general,"['couples', 'craft-cocktails', 'friends', 'night-out', 'rooftop']","Airport Road, Bagalur Cross, Yelahanka, Bengaluru, Karnataka, India",13.098,77.574,750,1410,"Rooftop vibe, panoramic views of the city/airport-road corridor, craft cocktails & global plates.","['clear evening', 'cloudless night', 'mild breeze']",0,800,1.0
quarter-peter-12th-a-main-road-hal-2nd-stage-doopanahalli-indiranagar-bengaluru-karnataka-560008,Quarter Peter,Food / Bar & Restaurant,general,"['budget', 'casual', 'friends', 'night-out']","12th A Main Road, HAL 2nd Stage, Doopanahalli, Indiranagar, Bengaluru, Karnataka 560008",12.935,77.624,720,1439,"Ultra-budget drinks & food portions (“quarter” concept), casual fun ambience in Indiranagar.","['cold evening', 'light rain']",0,700,1.0
champaca-bookstore-7-1-edward-road-off-queens-road-vasanth-nagar-bengaluru-karnataka-560051,Champaca Bookstore,Food / Bookstore & Cafe,general,"['book-lovers', 'family', 'friends', 'quiet-hangout', 'solo']","7/1 Edward Road, Off Queens Road, Vasanth Nagar, Bengaluru, Karnataka 560051",12.9841,77.6103,600,1140,"Curated indie publisher titles, graphic novels, children’s library, book launch events, cozy café atmosphere.","['light rain', 'overcast']",0,200,1.0
the-palms-brew-kitchen-4-a2-kothnur-main-road-puttenahalli-jp-nagar-7th-phase-bengaluru-karnataka-560078,The Palms Brew & Kitchen,Food / Bar & Brewery,general,"['celebration', 'craft-beer', 'friends', 'night-out']","4/A2, Kothnur Main Road, Puttenahalli, JP Nagar 7th Phase, Bengaluru, Karnataka 560078",12.9155,77.58,720,0,"Craft brews, creative cocktails, modern Indian bar-food, lush ambience and rooftop vibe.","['clear night', 'warm evening']",0,800,0.8
oasis-brewery-sy-no-26-plot-1a-2b-devasandra-industrial-estate-whitefield-main-road-mahadevapura-bengaluru-karnataka,Oasis Brewery,Food / Bar & Brewery,general,"['celebration', 'craft-beers', 'friends', 'large-group', 'night-out']","Sy No.26, Plot 1A & 2B, Devasandra Industrial Estate, Whitefield Main Road, Mahadevapura, Bengaluru, Karnataka",12.9719,77.75,720,60,"Craft-brewed beers, spacious design, world-cuisine menu (250+ dishes including Mediterranean / Pan-Asian / Modern Indian) and large banqueting capacity.","['mild breeze', 'warm evening']",0,900,1.0
artisanal-bier-village-391-itpl-main-road-hoodi-whitefield-bengaluru-karnataka-560048,Artisanal Bier Village,Food / Bar & Brewery,general,"['celebration', 'craft-beer', 'friends', 'large-group', 'night-out']","391, ITPL Main Road, Hoodi, Whitefield, Bengaluru, Karnataka 560048",12.969,77.749,720,60,"In-house microbrews, large party/bar space, global & Indian cuisine, lively atmosphere for friends and groups.","['clear night', 'warm evening']",0,900,1.0
klava-169-171-ground-floor-forum-rex-walk-brigade-road-bengaluru-karnataka-560025,Klava,Food / Dessert & Café,romantic,"['afternoon-snack', 'couple', 'friends', 'sweet-treat']","169/171, Ground Floor, Forum Rex Walk, Brigade Road, Bengaluru, Karnataka 560025",12.975,77.605,720,120,"Premium Turkish baklava (pistachio, chocolate-pistachio, soğuk baklava), Turkish coffee & unique dessert experience.","['cool afternoon', 'light rain']",0,350,1.0
fifty-50-rmz-ecoworld-ground-floor-marathahalli-sarjapur-outer-ring-road-bellandur-bengaluru-karnataka-560103,Fifty 50,Food / Bar & Kitchen,general,"['casual dining', 'friends', 'night-out', 'sharing plates']","RMZ Ecoworld, Ground Floor, Marathahalli-Sarjapur Outer Ring Road, Bellandur, Bengaluru, Karnataka 560103",12.945,77.674,720,60,"Bold cocktails, modern Indian comfort food with a sharing-plate twist, and a lively atmosphere ideal for groups and evening hangouts.","['clear night', 'light rain', 'warm evening']",0,800,1.0
chebel-296-1st-2nd-floor-5th-phase-100-feet-ring-road-jp-nagar-bengaluru-karnataka-560078,Chebel,Food / Café & Patisserie,romantic,"['celebration', 'couple', 'dessert-lovers', 'friends']","296, 1st & 2nd Floor, 5th Phase, 100 Feet Ring Road, JP Nagar, Bengaluru, Karnataka 560078",12.925,77.568,510,1320,"Artisan cakes (Dutch chocolate mousse, burnt Basque cheesecake), fresh coffee, breakfast to dessert café set-up","['cool morning', 'overcast']",0,350,1.0
sri-kodanda-rama-swamy-temple-kodanda-rama-temple-rd-near-ejipura-signal-ejipura-bengaluru-karnataka-560047,Sri Kodanda Rama Swamy Temple,Religious / Temple,chill_relaxed,"['family', 'peaceful', 'solo', 'spiritual']","Kodanda Rama Temple Rd, Near Ejipura Signal, Ejipura, Bengaluru, Karnataka 560047",12.9468,77.6235,360,720,"Kodanda Rama idol, traditional South Indian temple rituals, serene locality temple","['cool morning', 'pleasant evening']",0,50,1.0
skydeck-by-sherlocks-8th-floor-raheja-arcade-80-feet-rd-koramangala-7th-block-bengaluru-karnataka-560095,Skydeck by Sherlocks,Food / Pub / Rooftop Bar,romantic,"['couple', 'friends', 'night-out', 'party', 'rooftop']","8th Floor, Raheja Arcade, 80 Feet Rd, Koramangala 7th Block, Bengaluru, Karnataka 560095",12.9359,77.6143,720,60,"Rooftop nightlife, DJ parties, city views, cocktails and bar food","['clear sky', 'cool night', 'pleasant evening']",0,800,1.0
skydeck-by-sherlocks-10th-floor-barton-centre-mahatma-gandhi-road-bengaluru-karnataka-560001,Skydeck by Sherlocks,Food / Pub / Rooftop Bar,general,"['corporate', 'friends', 'night-out', 'party', 'rooftop']","10th Floor, Barton Centre, Mahatma Gandhi Road, Bengaluru, Karnataka 560001",12.9756,77.6051,720,60,"Central MG Road rooftop view, DJ nights, cocktails, lively crowd","['breezy night', 'pleasant evening']",0,850,1.0
pancha-lingeshwara-temple-pancha-lingeshwara-temple-rd-begur-village-begur-hobli-bengaluru-south-karnataka-560068,Pancha Lingeshwara Temple,Religious / Temple / Heritage,chill_relaxed,"['family', 'heritage', 'peaceful', 'solo', 'spiritual']","Pancha Lingeshwara Temple Rd, Begur Village, Begur Hobli, Bengaluru South, Karnataka 560068",12.8846,77.6289,360,750,"Ancient Chola-era Shiva temple, earliest inscription mentioning “Bengaluru”, Pancha Lingas, historical significance","['cool morning', 'pleasant evening', 'winter friendly']",0,50,1.0
srs-hills-sri-revanna-siddeshwara-hills-srs-hills-ramanagara-taluk-ramanagara-district-karnataka-562159,SRS Hills,Religious / Hill / Viewpoint,general,"['family', 'friends', 'nature', 'spiritual', 'sunrise']","Sri Revanna Siddeshwara Hills (SRS Hills), Ramanagara Taluk, Ramanagara District, Karnataka 562159",12.7259,77.2688,360,1080,"Revanna Siddeshwara (SRS) Temple, hilltop views, sunrise vistas, calm spiritual atmosphere","['cool morning', 'pleasant evening', 'post-monsoon clear']",0,100,1.0
kahale-kaapi-292-5th-cross-road-7th-block-koramangala-bengaluru-karnataka-560095,Kahale Kaapi,Food / Café / Specialty Coffee,general,"['casual', 'coffee-lovers', 'friends', 'solo', 'work-friendly']","292, 5th Cross Road, 7th Block, Koramangala, Bengaluru, Karnataka 560095",12.9357,77.6149,480,1320,"Freshly roasted single-origin coffee, pour-overs, minimal café vibe, quiet work-friendly seating","['cool morning', 'overcast day', 'rainy afternoon']",0,250,1.0
just-loaf-321-12th-main-rd-hal-2nd-stage-indiranagar-bengaluru-karnataka-560008,Just Loaf,Food / Bakery / Café,general,"['bakery', 'breakfast', 'friends', 'quick-bites', 'solo']","321, 12th Main Rd, HAL 2nd Stage, Indiranagar, Bengaluru, Karnataka 560008",12.9719,77.6412,420,1320,"Fresh artisan breads, sandwiches, croissants, sourdough loaves","['cool morning', 'pleasant evening']",0,200,1.0
just-loaf-4th-block-koramangala-bengaluru-karnataka-560034,Just Loaf,Food / Bakery / Café,general,"['bakery', 'casual', 'friends', 'grab-and-go', 'solo']","4th Block, Koramangala, Bengaluru, Karnataka 560034",12.9352,77.6245,420,1320,"Sandwiches, focaccia, baked goods, quick breakfast options","['cool morning', 'overcast day']",0,200,1.0
isobel-20-wood-street-ashok-nagar-bengaluru-karnataka-560025,Isobel,Food / Fine Dining / European,romantic,"['couple', 'date-night', 'fine-dining', 'friends', 'wine']","20, Wood Street, Ashok Nagar, Bengaluru, Karnataka 560025",12.9713,77.6066,720,1410,"European cuisine, wood-fired pizzas, gourmet pastas, elegant wine selection, intimate ambience","['cool night', 'overcast day', 'pleasant evening']",1,200,1.0
subko-10-rest-house-road-off-church-street-ashok-nagar-bengaluru-karnataka-560001,Subko,Food / Café / Specialty Coffee & Bakery,general,"['brunch', 'coffee-lovers', 'friends', 'solo', 'work-friendly']","10, Rest House Road, Off Church Street, Ashok Nagar, Bengaluru, Karnataka 560001",12.9744,77.6076,480,1320,"Single-origin Indian coffee, croissants, sourdough, chocolate program, minimalist café aesthetic","['cool morning', 'overcast day', 'rainy afternoon']",0,350,1.0
subko-6-12th-main-road-hal-2nd-stage-indiranagar-bengaluru-karnataka-560008,Subko,Food / Café / Specialty Coffee & Bakery,general,"['casual', 'coffee-lovers', 'friends', 'solo', 'work-friendly']","6, 12th Main Road, HAL 2nd Stage, Indiranagar, Bengaluru, Karnataka 560008",12.9716,77.641,480,1320,"Pour-over coffee, baked goods, chocolate bars, calm seating for long coffee sessions","['cool morning', 'pleasant evening']",0,350,1.0
katte-kulture-11th-main-rd-4th-block-jayanagar-bengaluru-karnataka-560011,Katte Kulture,Food / Café / Regional,general,"['budget', 'casual', 'culture', 'friends', 'kannada']","11th Main Rd, 4th Block, Jayanagar, Bengaluru, Karnataka 560011",12.9256,77.5937,510,1320,"Kannada-themed café, filter coffee, traditional snacks, cultural vibe and conversations","['cool morning', 'pleasant evening']",0,200,1.0
katte-kulture-12th-main-rd-hal-2nd-stage-indiranagar-bengaluru-karnataka-560008,Katte Kulture,Food / Café / Regional,general,"['casual', 'coffee', 'friends', 'meetups', 'regional']","12th Main Rd, HAL 2nd Stage, Indiranagar, Bengaluru, Karnataka 560008",12.9712,77.6408,540,1320,"Filter coffee, South Indian snacks, Kannada pop-culture ambience","['overcast day', 'pleasant evening']",0,220,1.0
ee-kavii-10th-main-rd-4th-block-jayanagar-bengaluru-karnataka-560011,ee Kavii,Food / Café / Regional,general,"['budget', 'coffee', 'friends', 'solo', 'south-indian']","10th Main Rd, 4th Block, Jayanagar, Bengaluru, Karnataka 560011",12.9269,77.5928,480,1290,"Filter coffee, masala bun, khara bun, quick South Indian bites, local vibe","['cool morning', 'overcast day']",0,120,1.0
ee-kavii-8th-cross-rd-malleshwaram-bengaluru-karnataka-560003,ee Kavii,Food / Café / Regional,general,"['breakfast', 'budget', 'friends', 'local-favourite', 'solo']","8th Cross Rd, Malleshwaram, Bengaluru, Karnataka 560003",13.0067,77.5699,450,1260,"Strong filter coffee, buns & biscuits, nostalgic Bengaluru café feel","['cool morning', 'pleasant evening']",0,100,1.0
the-peck-298-100-feet-rd-hal-2nd-stage-indiranagar-bengaluru-karnataka-560038,The Peck,Food / Café / Continental,romantic,"['brunch', 'casual', 'couple', 'friends', 'work-friendly']","298, 100 Feet Rd, HAL 2nd Stage, Indiranagar, Bengaluru, Karnataka 560038",12.9696,77.6416,480,1350,"All-day breakfast, waffles & pancakes, sandwiches, relaxed café vibe","['cool morning', 'overcast day', 'pleasant evening']",0,300,1.0
the-peck-7th-block-koramangala-bengaluru-karnataka-560095,The Peck,Food / Café / Continental,general,"['brunch', 'casual', 'coffee', 'friends', 'meetups']","7th Block, Koramangala, Bengaluru, Karnataka 560095",12.9356,77.6148,480,1350,"Breakfast platters, burgers, shakes, comfortable seating for long chats","['cool morning', 'pleasant evening']",0,300,1.0
ramohalli-lake-ramohalli-lake-rd-ramohalli-village-kengeri-hobli-bengaluru-south-karnataka-560074,Ramohalli Lake,Nature / Lake / Open Space,general,"['friends', 'nature', 'photography', 'solo', 'sunset']","Ramohalli Lake Rd, Ramohalli Village, Kengeri Hobli, Bengaluru South, Karnataka 560074",12.8852,77.4306,360,1110,"Quiet lakeside views, bird sightings, sunset photography, low crowd","['cool morning', 'pleasant evening', 'post-monsoon green']",0,50,1.0
tropika-brewing-5th-floor-raheja-arcade-80-feet-rd-koramangala-7th-block-bengaluru-karnataka-560095,Tropika Brewing,Food / Bar & Brewery,general,"['brewery', 'craft-beer', 'friends', 'night-out', 'party']","5th Floor, Raheja Arcade, 80 Feet Rd, Koramangala 7th Block, Bengaluru, Karnataka 560095",12.9354,77.6146,720,60,"In-house craft beers, tropical-themed interiors, DJ nights, rooftop vibe","['cool night', 'pleasant evening']",0,900,1.0
tropika-brewing-3rd-floor-nexus-whitefield-mall-whitefield-main-rd-bengaluru-karnataka-560066,Tropika Brewing,Food / Bar & Brewery,general,"['celebration', 'craft-beer', 'friends', 'large-group', 'nightlife']","3rd Floor, Nexus Whitefield Mall, Whitefield Main Rd, Bengaluru, Karnataka 560066",12.9969,77.7585,720,60,"Spacious brewery setup, craft beer selection, party-friendly ambience","['clear night', 'warm evening']",0,850,1.0
ideal-ice-cream-11th-main-rd-4th-block-jayanagar-bengaluru-karnataka-560011,Ideal Ice Cream,Food / Ice Cream / Desserts,general,"['budget', 'dessert', 'family', 'friends', 'kids']","11th Main Rd, 4th Block, Jayanagar, Bengaluru, Karnataka 560011",12.9259,77.5936,660,1350,"Gadbad Ice Cream, Tiramisu, fruit sundaes, Mangaluru-style ice creams","['hot afternoon', 'warm evening']",0,150,1.0
ideal-ice-cream-gandhi-bazaar-main-rd-basavanagudi-bengaluru-karnataka-560004,Ideal Ice Cream,Food / Ice Cream / Desserts,general,"['dessert', 'family', 'friends', 'traditional']","Gandhi Bazaar Main Rd, Basavanagudi, Bengaluru, Karnataka 560004",12.9446,77.5713,660,1350,"Gadbad, Pabbas-style sundaes, classic flavours","['hot afternoon', 'pleasant evening']",0,150,1.0
ideal-ice-cream-sampige-rd-malleshwaram-bengaluru-karnataka-560003,Ideal Ice Cream,Food / Ice Cream / Desserts,general,"['budget', 'family', 'friends', 'local-favourite']","Sampige Rd, Malleshwaram, Bengaluru, Karnataka 560003",13.0062,77.5693,660,1320,"Sundaes, milkshakes, nostalgic ice cream experience","['hot afternoon', 'overcast evening']",0,140,1.0
ideal-ice-cream-dr-rajkumar-rd-rajajinagar-bengaluru-karnataka-560010,Ideal Ice Cream,Food / Ice Cream / Desserts,general,"['budget', 'dessert', 'family', 'friends']","Dr Rajkumar Rd, Rajajinagar, Bengaluru, Karnataka 560010",12.9914,77.5547,660,1350,"Gadbad Ice Cream, seasonal fruit sundaes","['hot afternoon', 'pleasant evening']",0,150,1.0
ideal-ice-cream-12th-main-rd-hal-2nd-stage-indiranagar-bengaluru-karnataka-560008,Ideal Ice Cream,Food / Ice Cream / Desserts,general,"['casual', 'dessert', 'friends', 'quick-bite']","12th Main Rd, HAL 2nd Stage, Indiranagar, Bengaluru, Karnataka 560008",12.9714,77.6414,690,1350,"Sundaes, ice cream scoops, takeaway desserts","['hot afternoon', 'warm evening']",0,160,1.0
funzy-cafe-27th-main-rd-sector-1-hsr-layout-bengaluru-karnataka-560102,Funzy Cafe,Food / Café / Games & Entertainment,general,"['birthday', 'friends', 'gaming', 'group-hangout', 'kids']","27th Main Rd, Sector 1, HSR Layout, Bengaluru, Karnataka 560102",12.9119,77.6412,660,1380,"Board games, PlayStation, arcade games, casual café food, birthday celebrations","['any weather', 'rainy day friendly']",0,500,1.0
funzy-cafe-itpl-main-rd-whitefield-bengaluru-karnataka-560066,Funzy Cafe,Food / Café / Games & Entertainment,general,"['celebration', 'family', 'friends', 'games', 'weekend']","ITPL Main Rd, Whitefield, Bengaluru, Karnataka 560066",12.9965,77.7581,660,1380,"Indoor games, arcade setup, kid-friendly gaming zones, group hangouts","['all seasons', 'indoor activity']",0,500,1.0
funzy-cafe-24th-main-rd-2nd-phase-jp-nagar-bengaluru-karnataka-560078,Funzy Cafe,Food / Café / Games & Entertainment,general,"['casual', 'family', 'friends', 'games', 'kids']","24th Main Rd, 2nd Phase, JP Nagar, Bengaluru, Karnataka 560078",12.9074,77.5856,660,1350,"Console games, board games, relaxed café environment, family-friendly setup","['any weather', 'rainy evening']",0,450,1.0
club-destini-1st-floor-pritech-park-sez-bellandur-sarjapur-rd-sarjapur-bengaluru-karnataka-562125,Club Destini,Food / Nightclub / Lounge,general,"['dance', 'dj', 'friends', 'night-out', 'party']","1st Floor, Pritech Park SEZ, Bellandur–Sarjapur Rd, Sarjapur, Bengaluru, Karnataka 562125",12.9006,77.7086,1080,60,"DJ nights, dance floor, cocktails, weekend party crowd","['cool night', 'pleasant evening']",1,0,1.0
kunagal-betta-kunagal-betta-kunagalu-village-ramanagara-taluk-ramanagara-district-karnataka-562159,Kunagal Betta,Nature / Hill / Trekking,adventure,"['adventure', 'friends', 'nature', 'photography', 'sunrise', 'trekking']","Kunagal Betta, Kunagalu Village, Ramanagara Taluk, Ramanagara District, Karnataka 562159",12.7352,77.2489,360,1110,"Short hill trek, panoramic views of Ramanagara landscape, sunrise and sunset viewpoints, peaceful surroundings","['cool morning', 'pleasant evening', 'post-monsoon green']",0,100,1.0
filter-coffee-house-20-gandhi-bazaar-main-rd-basavanagudi-bengaluru-karnataka-560004,Filter Coffee House,Food / Café / South Indian,general,"['breakfast', 'budget', 'family', 'solo', 'traditional']","20, Gandhi Bazaar Main Rd, Basavanagudi, Bengaluru, Karnataka 560004",12.9437,77.5715,390,1290,"Strong filter coffee, idli-vada, dosa, old Bengaluru café vibe","['cool morning', 'pleasant evening']",0,120,1.0
filter-coffee-house-9th-main-rd-4th-block-jayanagar-bengaluru-karnataka-560011,Filter Coffee House,Food / Café / South Indian,general,"['breakfast', 'budget', 'family', 'friends', 'local-favourite']","9th Main Rd, 4th Block, Jayanagar, Bengaluru, Karnataka 560011",12.9263,77.5939,420,1290,"Filter coffee, khara bath, kesari bath, quick South Indian meals","['cool morning', 'overcast day']",0,130,1.0
filter-coffee-house-sampige-rd-malleshwaram-bengaluru-karnataka-560003,Filter Coffee House,Food / Café / South Indian,general,"['breakfast', 'budget', 'friends', 'solo', 'traditional']","Sampige Rd, Malleshwaram, Bengaluru, Karnataka 560003",13.0064,77.5691,390,1260,"Classic filter coffee, idli, vada, nostalgic ambience","['cool morning', 'pleasant evening']",0,120,1.0
filter-coffee-house-dr-rajkumar-rd-rajajinagar-bengaluru-karnataka-560010,Filter Coffee House,Food / Café / South Indian,general,"['breakfast', 'budget', 'family', 'friends', 'local']","Dr Rajkumar Rd, Rajajinagar, Bengaluru, Karnataka 560010",12.9911,77.5549,420,1290,"Affordable South Indian breakfast, strong coffee, fast service","['cool morning', 'pleasant evening']",0,130,1.0
suka-12th-main-rd-hal-2nd-stage-indiranagar-bengaluru-karnataka-560038,SUKA,Food / Café / Japanese,romantic,"['aesthetic', 'coffee', 'couple', 'dessert', 'friends']","12th Main Rd, HAL 2nd Stage, Indiranagar, Bengaluru, Karnataka 560038",12.971,77.6418,660,1320,"Japanese-inspired desserts, matcha drinks, minimalist interiors, calm café vibe","['overcast day', 'pleasant evening', 'rainy afternoon']",0,400,1.0
vishwa-shanti-ashram-vishwa-shanti-ashram-kanakapura-main-road-near-udayapura-bengaluru-karnataka-560082,Vishwa Shanti Ashram,Spiritual / Ashram / Meditation,chill_relaxed,"['meditation', 'nature', 'peaceful', 'solo', 'spiritual']","Vishwa Shanti Ashram, Kanakapura Main Road, Near Udayapura, Bengaluru, Karnataka 560082",12.8156,77.5569,360,1200,"Meditation retreats, peaceful ashram atmosphere, spiritual discourses, greenery and silence","['cool morning', 'pleasant evening', 'post-monsoon calm']",0,100,1.0
vishwa-shanti-ashram-vishwa-shanti-ashram-near-nelamangala-town-tumkur-road-nelamangala-taluk-bengaluru-rural-karnataka-562123,Vishwa Shanti Ashram,Spiritual / Ashram / Meditation,chill_relaxed,"['meditation', 'peaceful', 'retreat', 'solo', 'spiritual']","Vishwa Shanti Ashram, Near Nelamangala Town, Tumkur Road, Nelamangala Taluk, Bengaluru Rural, Karnataka 562123",13.0998,77.3936,360,1200,"Silent meditation retreats, spiritual teachings, calm rural surroundings, less-crowded ashram setting","['cool morning', 'pleasant evening', 'post-monsoon green']",0,100,1.0
bistro-claytopia-12th-main-rd-hal-2nd-stage-indiranagar-bengaluru-karnataka-560038,Bistro Claytopia,Food / Café / Art Café,romantic,"['aesthetic', 'brunch', 'couple', 'creative', 'friends']","12th Main Rd, HAL 2nd Stage, Indiranagar, Bengaluru, Karnataka 560038",12.9718,77.6419,630,1320,"Pottery & art workshops, café-style comfort food, creative ambience, paint-and-dine experiences","['overcast day', 'pleasant evening', 'rainy afternoon']",0,500,1.0
bistro-claytopia-whitefield-main-rd-near-itpl-whitefield-bengaluru-karnataka-560066,Bistro Claytopia,Food / Café / Art Café,general,"['creative', 'family', 'friends', 'kids', 'weekend']","Whitefield Main Rd, Near ITPL, Whitefield, Bengaluru, Karnataka 560066",12.9967,77.759,630,1320,"Art & pottery sessions, relaxed café dining, group workshops and celebrations","['any weather', 'indoor activity']",0,500,1.0
shree-parshwa-susheel-dham-jain-temple-shree-parshwa-susheel-dham-jain-temple-nice-junction-mysore-road-bengaluru-karnataka-560059,Shree Parshwa Susheel Dham Jain Temple,Religious / Jain Temple,chill_relaxed,"['family', 'jainism', 'peaceful', 'solo', 'spiritual']","Shree Parshwa Susheel Dham Jain Temple, NICE Junction, Mysore Road, Bengaluru, Karnataka 560059",12.9027,77.4868,420,1200,"Large Parshwanatha idol, serene hilltop temple complex, Jain rituals, calm surroundings away from city noise","['cool morning', 'pleasant evening', 'winter friendly']",0,100,1.0
suswani-mataji-dham-suswani-mataji-dham-near-nice-road-junction-kengeri-hobli-bengaluru-south-karnataka-560060,Suswani Mataji Dham,Religious / Jain Temple / Ashram,chill_relaxed,"['family', 'jainism', 'peaceful', 'retreat', 'solo', 'spiritual']","Suswani Mataji Dham, Near NICE Road Junction, Kengeri Hobli, Bengaluru South, Karnataka 560060",12.8946,77.4709,360,1200,"Jain Mataji temple, spiritual retreats, calm hill-side setting, meditation and discourses","['cool morning', 'pleasant evening', 'post-monsoon green']",0,100,1.0
dodda-ganapathi-temple-dodda-ganapathi-temple-rd-basavanagudi-bengaluru-karnataka-560004,Dodda Ganapathi Temple,Religious / Temple,chill_relaxed,"['family', 'heritage', 'peaceful', 'solo', 'spiritual']","Dodda Ganapathi Temple Rd, Basavanagudi, Bengaluru, Karnataka 560004",12.9413,77.5716,360,750,"One of the largest monolithic Ganapathi idols in the world, historic Basavanagudi temple circuit, traditional rituals","['cool morning', 'festival season friendly', 'pleasant evening']",0,50,1.0
narasimha-swamy-hill-temple-sri-lakshmi-narasimha-swamy-temple-narasimha-betta-near-bidadi-town-ramanagara-district-karnataka-562109,Narasimha Swamy Hill Temple,Religious / Hill Temple,general,"['family', 'friends', 'hilltop', 'nature', 'spiritual', 'sunrise']","Sri Lakshmi Narasimha Swamy Temple, Narasimha Betta, Near Bidadi Town, Ramanagara District, Karnataka 562109",12.7819,77.4236,360,1110,"Hilltop Lakshmi Narasimha Swamy temple, panoramic views of Bidadi & Ramanagara region, peaceful spiritual atmosphere","['cool morning', 'pleasant evening', 'post-monsoon clear']",0,100,1.0
hanumagiri-hill-sri-hanumagiri-kshetra-uttarahalli-kengeri-main-road-uttarahalli-bengaluru-karnataka-560061,Hanumagiri Hill,Religious / Hill / Temple,general,"['family', 'nature', 'solo', 'spiritual', 'sunrise', 'trekking']","Sri Hanumagiri Kshetra, Uttarahalli–Kengeri Main Road, Uttarahalli, Bengaluru, Karnataka 560061",12.9029,77.5206,330,1140,"Hanuman temple atop the hill, calm spiritual vibe, short hill walk, sunrise views over South Bengaluru","['cool morning', 'pleasant evening', 'post-monsoon green']",0,50,1.0
legacy-brewery-1st-floor-shanthala-nagar-brigade-road-ashok-nagar-bengaluru-karnataka-560025,Legacy Brewery,Food / Bar & Brewery,general,"['brewery', 'craft-beer', 'friends', 'night-out', 'party']","1st Floor, Shanthala Nagar, Brigade Road, Ashok Nagar, Bengaluru, Karnataka 560025",12.971,77.6082,720,60,"In-house craft beers, rooftop ambience, DJ nights, central nightlife spot","['cool night', 'pleasant evening']",0,900,1.0
legacy-brewery-new-town-main-rd-yelahanka-new-town-bengaluru-karnataka-560064,Legacy Brewery,Food / Bar & Brewery,general,"['celebration', 'craft-beer', 'friends', 'large-group', 'nightlife']","New Town Main Rd, Yelahanka New Town, Bengaluru, Karnataka 560064",13.1016,77.5968,720,60,"Spacious seating, craft beer menu, weekend DJ events, relaxed crowd","['clear night', 'warm evening']",0,850,1.0
legacy-brewery-legacy-brewery-ideal-homes-township-rd-rajarajeshwari-nagar-bengaluru-karnataka-560098,Legacy Brewery,Food / Bar & Brewery,general,"['craft-beer', 'friends', 'new-place', 'night-out', 'party']","Legacy Brewery, Ideal Homes Township Rd, Rajarajeshwari Nagar, Bengaluru, Karnataka 560098",12.9187,77.5189,720,60,"Newly opened brewery in RR Nagar, in-house craft beers, modern interiors, weekend DJ nights","['cool night', 'pleasant evening']",0,850,1.0
the-italian-bar-2981-12th-main-rd-hal-2nd-stage-indiranagar-bengaluru-karnataka-560038,The Italian Bar,Food / Bar & Restaurant / Italian,romantic,"['couple', 'date-night', 'friends', 'italian', 'wine']","2981, 12th Main Rd, HAL 2nd Stage, Indiranagar, Bengaluru, Karnataka 560038",12.9712,77.6415,720,1410,"Wood-fired pizzas, handmade pasta, Italian cocktails, cozy European bar vibe","['cool night', 'pleasant evening']",0,900,1.0
the-italian-bar-5th-block-koramangala-bengaluru-karnataka-560034,The Italian Bar,Food / Bar & Restaurant / Italian,romantic,"['casual-dining', 'couple', 'friends', 'italian', 'wine']","5th Block, Koramangala, Bengaluru, Karnataka 560034",12.9358,77.6249,720,1410,"Italian comfort food, pizzas & pasta, relaxed neighbourhood bar ambience","['overcast day', 'pleasant evening']",0,850,1.0
toffee-talk-298-100-feet-rd-hal-2nd-stage-indiranagar-bengaluru-karnataka-560038,Toffee Talk,Food / Dessert Café / Bakery,romantic,"['casual', 'coffee', 'couple', 'dessert', 'friends']","298, 100 Feet Rd, HAL 2nd Stage, Indiranagar, Bengaluru, Karnataka 560038",12.9698,77.6417,660,1380,"Waffles, crepes, cakes, chocolate-based desserts, coffee","['overcast day', 'pleasant evening']",0,300,1.0
toffee-talk-5th-block-koramangala-bengaluru-karnataka-560034,Toffee Talk,Food / Dessert Café / Bakery,general,"['casual', 'college-crowd', 'dessert', 'friends']","5th Block, Koramangala, Bengaluru, Karnataka 560034",12.9355,77.6246,660,1380,"Desserts, waffles, shakes, late-evening hangouts","['cool night', 'pleasant evening']",0,300,1.0
toffee-talk-4th-block-jayanagar-bengaluru-karnataka-560011,Toffee Talk,Food / Dessert Café / Bakery,general,"['dessert', 'evening-out', 'family', 'friends']","4th Block, Jayanagar, Bengaluru, Karnataka 560011",12.9261,77.5935,660,1350,"Cakes, brownies, waffles, quick dessert stops",['pleasant evening'],0,280,1.0
toffee-talk-whitefield-main-rd-near-itpl-bengaluru-karnataka-560066,Toffee Talk,Food / Dessert Café / Bakery,general,"['dessert', 'family', 'friends', 'weekend']","Whitefield Main Rd, Near ITPL, Bengaluru, Karnataka 560066",12.9968,77.7582,660,1380,"Dessert platters, waffles, cakes, casual seating","['any weather', 'indoor friendly']",0,300,1.0
shree-ashapura-mataji-temple-shree-ashapura-mataji-temple-2nd-cross-rd-vinayaka-layout-kamakshipalya-bengaluru-karnataka-560079,Shree Ashapura Mataji Temple,Religious / Temple,chill_relaxed,"['community', 'family', 'peaceful', 'solo', 'spiritual']","Shree Ashapura Mataji Temple, 2nd Cross Rd, Vinayaka Layout, Kamakshipalya, Bengaluru, Karnataka 560079",12.9836,77.5339,360,750,"Ashapura Mata worship, Navratri celebrations, community prayers, calm neighborhood temple","['cool morning', 'festival season friendly', 'pleasant evening']",0,50,1.0
madiwala-lake-madiwala-lake-rd-near-silk-board-junction-btm-layout-bengaluru-karnataka-560068,Madiwala Lake,Nature / Lake / Open Space,general,"['birdwatching', 'friends', 'nature', 'solo', 'sunset', 'walking']","Madiwala Lake Rd, Near Silk Board Junction, BTM Layout, Bengaluru, Karnataka 560068",12.9207,77.6176,360,1110,"Large urban lake, migratory birds, walking track, sunset views near Silk Board, Boat Ride","['cool morning', 'pleasant evening', 'post-monsoon green']",0,50,1.0
pottery-town-pottery-town-near-benson-town-richards-town-bengaluru-karnataka-560005,Pottery Town,Cultural / Heritage / Craft Area,general,"['culture', 'heritage', 'photography', 'slow-travel', 'solo']","Pottery Town, Near Benson Town, Richards Town, Bengaluru, Karnataka 560005",12.9989,77.6142,540,1080,"Traditional terracotta pottery making, generations-old artisan community, raw cultural experience, photography walks","['cool morning', 'overcast day', 'post-monsoon pleasant']",0,100,1.0
putani-express-1st-floor-11th-main-rd-4th-block-jayanagar-bengaluru-karnataka-560011,Putani Express,Food / Café / Regional,general,"['budget', 'casual', 'family', 'friends', 'kannada', 'kids']","1st Floor, 11th Main Rd, 4th Block, Jayanagar, Bengaluru, Karnataka 560011",12.9264,77.5932,630,1320,"Kannada-themed café concept, fun menu names, kid-friendly vibe, South Indian & snack items","['overcast day', 'pleasant evening', 'weekend friendly']",0,250,1.0
lalbagh-botanical-garden-lalbagh-rd-mavalli-bengaluru-karnataka-560004,Lalbagh Botanical Garden,Nature / Botanical Garden / Heritage,general,"['family', 'heritage', 'nature', 'photography', 'solo', 'walking']","Lalbagh Rd, Mavalli, Bengaluru, Karnataka 560004",12.9507,77.5848,360,1140,"Glass House flower shows, centuries-old trees, botanical collections, lake, morning walks","['cool morning', 'pleasant evening', 'post-monsoon green']",0,50,1.0
sankey-tank-sankey-rd-palace-guttahalli-malleshwaram-bengaluru-karnataka-560003,Sankey Tank,Nature / Lake / Heritage,general,"['family', 'nature', 'photography', 'solo', 'sunset', 'walking']","Sankey Rd, Palace Guttahalli, Malleshwaram, Bengaluru, Karnataka 560003",12.9906,77.5704,360,1140,"Heritage lake, well-maintained walking track, sunset views, bird sightings, calm urban escape","['cool morning', 'pleasant evening', 'post-monsoon green']",0,50,1.0
indian-music-experience-museum-indian-music-experience-ime-brigade-millennium-ave-jp-nagar-7th-phase-bengaluru-karnataka-560078,Indian Music Experience Museum,Museum / Culture / Music,general,"['culture', 'family', 'friends', 'indoor', 'learning', 'music']","Indian Music Experience (IME), Brigade Millennium Ave, JP Nagar 7th Phase, Bengaluru, Karnataka 560078",12.8913,77.5855,600,1080,"Interactive Indian music museum, sound installations, live performances, educational exhibits","['any weather', 'hot afternoon', 'rainy day friendly']",0,250,1.0
watson-s-cantina-2nd-floor-100-feet-rd-hal-2nd-stage-indiranagar-bengaluru-karnataka-560038,Watson’s Cantina,Food / Restaurant / Mexican & Tex-Mex,romantic,"['casual-dining', 'cocktails', 'couple', 'friends', 'mexican']","2nd Floor, 100 Feet Rd, HAL 2nd Stage, Indiranagar, Bengaluru, Karnataka 560038",12.9699,77.6413,720,1410,"Burritos, tacos, loaded nachos, margaritas, colourful cantina vibe","['cool night', 'overcast day', 'pleasant evening']",0,700,1.0
watson-s-cantina-koramangala-5th-block-koramangala-bengaluru-karnataka-560034,Watson’s Cantina – Koramangala,Food / Restaurant / Mexican & Tex-Mex,general,"['casual', 'college-crowd', 'friends', 'mexican', 'quick-meals']","5th Block, Koramangala, Bengaluru, Karnataka 560034",12.9357,77.6248,720,1380,"Affordable Tex-Mex bowls, tacos, burrito wraps, relaxed hangout space","['cool night', 'pleasant evening']",0,650,1.0
watson-s-cantina-jp-nagar-15th-cross-rd-5th-phase-jp-nagar-bengaluru-karnataka-560078,Watson’s Cantina – JP Nagar,Food / Restaurant / Mexican & Tex-Mex,general,"['casual-dining', 'family', 'friends', 'mexican', 'weekend']","15th Cross Rd, 5th Phase, JP Nagar, Bengaluru, Karnataka 560078",12.9254,77.5849,720,1380,"Burrito bowls, tacos, cheesy quesadillas, casual neighbourhood vibe","['overcast day', 'pleasant evening']",0,650,1.0
bar-doubble-298-100-feet-rd-hal-2nd-stage-indiranagar-bengaluru-karnataka-560038,Bar Doubble,Food / Bar / Cocktails,general,"['after-work', 'casual', 'cocktails', 'friends', 'night-out']","298, 100 Feet Rd, HAL 2nd Stage, Indiranagar, Bengaluru, Karnataka 560038",12.9697,77.6415,720,1410,"Affordable cocktails, playful drink menu, relaxed bar vibe, small plates","['cool night', 'pleasant evening']",0,600,1.0
bar-doubble-koramangala-5th-block-koramangala-bengaluru-karnataka-560034,Bar Doubble – Koramangala,Food / Bar / Cocktails,general,"['casual', 'cocktails', 'college-crowd', 'friends', 'night-out']","5th Block, Koramangala, Bengaluru, Karnataka 560034",12.9356,77.6247,720,1380,"Fun cocktail combos, budget-friendly drinks, laid-back hangout spot","['overcast night', 'pleasant evening']",0,550,1.0
bar-doubble-shantinagar-bar-doubble-kh-road-shantinagar-bengaluru-karnataka-560027,Bar Doubble – Shantinagar,Food / Bar / Cocktails,general,"['after-work', 'casual', 'cocktails', 'friends', 'night-out']","Bar Doubble, KH Road, Shantinagar, Bengaluru, Karnataka 560027",12.9578,77.6009,720,1410,"Budget-friendly cocktails, relaxed city bar vibe, quick bites with drinks","['cool night', 'pleasant evening']",0,550,1.0
33-brew-33-brew-aecs-layout-main-rd-kundalahalli-whitefield-bengaluru-karnataka-560066,33 & Brew,Food / Bar & Brewery,general,"['brewery', 'craft-beer', 'friends', 'night-out', 'party']","33 & Brew, AECS Layout Main Rd, Kundalahalli, Whitefield, Bengaluru, Karnataka 560066",12.9684,77.7179,720,60,"In-house craft beers, rooftop-style seating, DJ nights, lively crowd","['cool night', 'pleasant evening']",0,850,1.0
33-brew-hsr-layout-27th-main-rd-sector-1-hsr-layout-bengaluru-karnataka-560102,33 & Brew – HSR Layout,Food / Bar & Brewery,general,"['celebration', 'craft-beer', 'friends', 'groups', 'nightlife']","27th Main Rd, Sector 1, HSR Layout, Bengaluru, Karnataka 560102",12.9117,77.6415,720,60,"Spacious seating, fresh brews, party ambience, weekend DJ events","['pleasant evening', 'warm night']",0,850,1.0
33-brew-jp-nagar-24th-main-rd-2nd-phase-jp-nagar-bengaluru-karnataka-560078,33 & Brew – JP Nagar,Food / Bar & Brewery,general,"['casual', 'craft-beer', 'friends', 'night-out', 'weekend']","24th Main Rd, 2nd Phase, JP Nagar, Bengaluru, Karnataka 560078",12.9079,77.5859,720,60,"Craft beers, relaxed brewery vibe, bar snacks, evening hangouts","['cool night', 'pleasant evening']",0,800,1.0
bar-sama-6th-floor-1-mg-mall-ulsoor-rd-ashok-nagar-bengaluru-karnataka-560008,Bar Sama,Food / Bar & Restaurant / Pan-Asian,romantic,"['asian-food', 'cocktails', 'couple', 'date-night', 'friends']","6th Floor, 1 MG Mall, Ulsoor Rd, Ashok Nagar, Bengaluru, Karnataka 560008",12.9721,77.6203,720,1410,"Sushi, dim sum, Asian grills, stylish rooftop ambience, cocktails","['cool night', 'pleasant evening']",0,900,1.0
bar-sama-indiranagar-100-feet-rd-hal-2nd-stage-indiranagar-bengaluru-karnataka-560038,Bar Sama – Indiranagar,Food / Bar & Restaurant / Pan-Asian,general,"['asian', 'cocktails', 'friends', 'lively', 'night-out']","100 Feet Rd, HAL 2nd Stage, Indiranagar, Bengaluru, Karnataka 560038",12.9695,77.6412,720,1410,"Asian fusion dishes, cocktails, upbeat crowd, modern interiors","['overcast night', 'pleasant evening']",0,850,1.0
yazu-rest-house-rd-ashok-nagar-bengaluru-karnataka-560001,Yazu,Food / Restaurant / Asian Fusion,romantic,"['asian', 'bowls', 'couple', 'fine-casual', 'friends', 'noodles']","Rest House Rd, Ashok Nagar, Bengaluru, Karnataka 560001",12.9741,77.6078,720,1380,"Asian rice bowls, ramen-style noodles, quick gourmet meals, modern vibe","['overcast day', 'pleasant evening']",0,650,1.0
yazu-indiranagar-12th-main-rd-hal-2nd-stage-indiranagar-bengaluru-karnataka-560038,Yazu – Indiranagar,Food / Restaurant / Asian Fusion,general,"['asian-food', 'casual', 'friends', 'quick-meals']","12th Main Rd, HAL 2nd Stage, Indiranagar, Bengaluru, Karnataka 560038",12.9711,77.6416,720,1380,"Asian bowls, dumplings, affordable fusion plates","['cool night', 'pleasant evening']",0,600,1.0
yazu-koramangala-5th-block-koramangala-bengaluru-karnataka-560034,Yazu – Koramangala,Food / Restaurant / Asian Fusion,general,"['asian', 'budget-friendly', 'casual', 'college-crowd', 'friends']","5th Block, Koramangala, Bengaluru, Karnataka 560034",12.9359,77.6247,720,1380,"Quick Asian meals, noodles, fried rice bowls, relaxed hangout vibe",['pleasant evening'],0,600,1.0
